#CARRERA;TICK;EPSILON;DIST_RACED
9;445;0.9989999999525025;98.0878
19;217;0.9969999998575076;26.3648
29;799;0.9949999997625127;195.672
